f1,f2,f3,run_ids,seeds,configurations
60260000.0,6.3719350342754675,5.649937642317285,"[""epsilon_restricted_e16_seed4001""]",[4001],"[""e16""]"
60480000.0,6.252780440017307,5.246781912116158,"[""epsilon_restricted_e15_seed4002""]",[4002],"[""e15""]"
60940000.0,5.458988295531385,5.239947467115123,"[""epsilon_restricted_e11_seed4002""]",[4002],"[""e11""]"
61000000.0,5.4437107609806255,5.160435792863223,"[""epsilon_restricted_e12_seed4002""]",[4002],"[""e12""]"
61040000.0,5.455286939922363,5.050475895486466,"[""epsilon_restricted_e11_seed4001""]",[4001],"[""e11""]"
61400000.0,4.417372610372593,4.863814488027652,"[""epsilon_restricted_e08_seed4002""]",[4002],"[""e08""]"
61500000.0,6.025568791021323,3.961728077728667,"[""epsilon_restricted_e14_seed4002""]",[4002],"[""e14""]"
61500000.0,6.444765219251992,3.8626311486561984,"[""epsilon_restricted_e14_seed4001""]",[4001],"[""e14""]"
61540000.0,4.341882716772797,4.8257139665162665,"[""epsilon_restricted_e07_seed4001"", ""epsilon_restricted_e08_seed4001""]","[4001, 4001]","[""e07"", ""e08""]"
61680000.0,5.4553335498159985,3.975974486613116,"[""epsilon_restricted_e10_seed4001""]",[4001],"[""e10""]"
61780000.0,5.4647498469817,3.968403384992646,"[""epsilon_restricted_e10_seed4002""]",[4002],"[""e10""]"
62040000.0,4.39231728647035,3.9621007141677325,"[""epsilon_restricted_e06_seed4002""]",[4002],"[""e06""]"
62080000.0,4.4280534662488975,3.9426232042346867,"[""epsilon_restricted_e06_seed4001""]",[4001],"[""e06""]"
62500000.0,3.3965971026466373,3.9099019669599993,"[""epsilon_restricted_e02_seed4002""]",[4002],"[""e02""]"
62560000.0,3.3753506222926823,4.186530082724163,"[""epsilon_restricted_e04_seed4002""]",[4002],"[""e04""]"
62580000.0,3.396384391318479,3.9357268143373205,"[""epsilon_restricted_e02_seed4001""]",[4001],"[""e02""]"
62660000.0,6.275590676773182,2.6511088846963964,"[""epsilon_restricted_e13_seed4002""]",[4002],"[""e13""]"
62840000.0,3.3987876074434715,3.625721879816778,"[""epsilon_restricted_e03_seed4002""]",[4002],"[""e03""]"
62960000.0,5.443954051470441,2.696985557532035,"[""epsilon_restricted_e09_seed4001""]",[4001],"[""e09""]"
63220000.0,4.434040050204152,2.6813926380097213,"[""epsilon_restricted_e05_seed4002""]",[4002],"[""e05""]"
63320000.0,4.370843285431069,2.69094893895688,"[""epsilon_restricted_e05_seed4001""]",[4001],"[""e05""]"
63840000.0,3.399208807325672,2.6977153859912,"[""epsilon_restricted_e01_seed4002""]",[4002],"[""e01""]"
63860000.0,3.3566336966445802,2.6955678182515563,"[""epsilon_restricted_e01_seed4001""]",[4001],"[""e01""]"
