method,configuration,runs,scalar_feasible_runs,f1_min,f1_mean,f1_std,f1_max,f2_min,f2_mean,f2_std,f2_max,f3_min,f3_mean,f3_std,f3_max
epsilon_restricted,e01,2,2,63840000.0,63850000.0,14142.13562373095,63860000.0,3.3566336966445802,3.377921251985126,0.03010514947236772,3.399208807325672,2.6955678182515563,2.696641602121378,0.0015185597117594845,2.6977153859912
epsilon_restricted,e02,2,2,62500000.0,62540000.0,56568.5424949238,62580000.0,3.396384391318479,3.396490746982558,0.00015040962257605606,3.3965971026466373,3.9099019669599993,3.92281439064866,0.018260924703611497,3.9357268143373205
epsilon_restricted,e03,2,2,62580000.0,62710000.0,183847.76310850235,62840000.0,3.3987876074434715,3.400531382379416,0.0024660701641394077,3.402275157315361,3.625721879816778,3.8513285066060385,0.3190559513666174,4.076935133395299
epsilon_restricted,e04,2,2,62560000.0,62570000.0,14142.13562373095,62580000.0,3.3753506222926823,3.3888128898040217,0.019038521294830857,3.402275157315361,4.076935133395299,4.131732608059731,0.07749533185423575,4.186530082724163
epsilon_restricted,e05,2,2,63220000.0,63270000.0,70710.67811865476,63320000.0,4.370843285431069,4.402441667817611,0.04468686092009851,4.434040050204152,2.6813926380097213,2.6861707884833006,0.006757325202795306,2.69094893895688
epsilon_restricted,e06,2,2,62040000.0,62060000.0,28284.2712474619,62080000.0,4.39231728647035,4.410185376359624,0.02526929505511258,4.4280534662488975,3.9426232042346867,3.95236195920121,0.013772679354284991,3.9621007141677325
epsilon_restricted,e07,2,2,61540000.0,61540000.0,0.0,61540000.0,4.341882716772797,4.385873248016045,0.06221200590019937,4.429863779259294,4.8257139665162665,4.919346699557533,0.1324166809490182,5.012979432598799
epsilon_restricted,e08,2,2,61400000.0,61470000.0,98994.94936611665,61540000.0,4.341882716772797,4.379627663572695,0.05337941567546676,4.417372610372593,4.8257139665162665,4.844764227271959,0.02694113712744441,4.863814488027652
epsilon_restricted,e09,2,2,62960000.0,63020000.0,84852.8137423857,63080000.0,5.443954051470441,5.454583117569119,0.015031769432110946,5.465212183667798,2.696985557532035,2.697050945338697,9.247232299568328e-05,2.6971163331453596
epsilon_restricted,e10,2,2,61680000.0,61730000.0,70710.67811865476,61780000.0,5.4553335498159985,5.460041698398849,0.006658327579535334,5.4647498469817,3.968403384992646,3.972188935802881,0.005353577296886662,3.975974486613116
epsilon_restricted,e11,2,2,60940000.0,60990000.0,70710.67811865476,61040000.0,5.455286939922363,5.457137617726874,0.0026172536507221354,5.458988295531385,5.050475895486466,5.145211681300795,0.13397663314069636,5.239947467115123
epsilon_restricted,e12,2,2,61000000.0,61020000.0,28284.2712474619,61040000.0,5.4437107609806255,5.451423373408822,0.010907281097283152,5.459135985837019,5.160435792863223,5.178613825628803,0.02570762047434613,5.196791858394383
epsilon_restricted,e13,2,2,62660000.0,62670000.0,14142.13562373095,62680000.0,6.275590676773182,6.371286411201457,0.1353342054897213,6.466982145629733,2.6511088846963964,2.6668653559051103,0.022283015278504747,2.6826218271138247
epsilon_restricted,e14,2,2,61500000.0,61500000.0,0.0,61500000.0,6.025568791021323,6.235167005136658,0.29641663705108595,6.444765219251992,3.8626311486561984,3.912179613192433,0.07007211054190486,3.961728077728667
epsilon_restricted,e15,2,2,60480000.0,60480000.0,0.0,60480000.0,6.252780440017307,6.336385919412267,0.11823600284905818,6.419991398807229,5.246781912116158,5.249558455200164,0.0039266248859140184,5.252334998284169
epsilon_restricted,e16,2,2,60260000.0,60410000.0,212132.03435596425,60560000.0,6.324254494024175,6.348094764149821,0.03371523334232693,6.3719350342754675,5.378884471449139,5.514411056883212,0.19166353518298235,5.649937642317285
weighted_sum,w01,2,2,65580000.0,65660000.0,113137.0849898476,65740000.0,5.046145364371193,5.456839581304297,0.5808093315749935,5.8675337982374005,1.4362185191457273,1.4512049965507008,0.021194079598311308,1.466191473955674
weighted_sum,w02,2,2,65460000.0,65460000.0,0.0,65460000.0,2.6790022365735546,2.680565651395642,0.0022110024450110186,2.6821290662177293,1.6922902538056341,1.6923536872114546,8.970838281901033e-05,1.6924171206172753
weighted_sum,w03,2,2,65460000.0,65460000.0,0.0,65460000.0,2.678604473536177,2.6788867063212676,0.00039913743242153183,2.6791689391063582,1.6931120877237225,1.693561266537147,0.0006352347698754878,1.6940104453505713
weighted_sum,w04,2,2,65260000.0,65260000.0,0.0,65260000.0,2.6093952876227533,2.609606982808305,0.00029938220249606305,2.6098186779938564,1.8604016879529643,1.867859964078554,0.010547595248732403,1.8753182402041437
weighted_sum,w05,2,2,63700000.0,63960000.0,367695.5262170047,64220000.0,2.4059777883297033,2.439444029019855,0.047328411465654696,2.4729102697100065,2.745253968990306,3.0706848705435332,0.46022879459187754,3.3961157720967607
weighted_sum,w06,2,2,64040000.0,64040000.0,0.0,64040000.0,5.9096467914775825,5.936478755974466,0.03794612809660574,5.963310720471349,1.6751984465727225,1.6754106242100608,0.00030006449235606613,1.675622801847399
weighted_sum,w07,2,2,65460000.0,65460000.0,0.0,65460000.0,2.6792779194175402,2.679528108501695,0.00035382079596919477,2.6797782975858495,1.6919734863149354,1.692274564290008,0.0004257885556796802,1.6925756422650808
weighted_sum,w08,2,2,63700000.0,63830000.0,183847.76310850235,63960000.0,2.407356123093815,2.4241410187385037,0.023737427063735952,2.4409259143831927,2.8537491388264282,2.9647555041130595,0.15698670729809597,3.075761869399691
weighted_sum,w09,2,2,63480000.0,63590000.0,155563.49186104044,63700000.0,2.4064699326258197,2.4066400209451873,0.00024054120805122118,2.4068101092645553,3.288475784103279,3.3557298619264113,0.09511162898236962,3.422983939749544
weighted_sum,w10,2,2,62300000.0,62430000.0,183847.76310850235,62560000.0,6.808902299643517,6.826774716952484,0.02527541495073348,6.844647134261452,2.4204655912603505,2.546963179603318,0.1788946050421131,2.673460767946285
weighted_sum,w11,2,2,62660000.0,62850000.0,268700.5768508881,63040000.0,2.7605951484821984,2.8136078738903336,0.07497131525054584,2.8666205992984692,3.454768263592891,3.613078806605282,0.22388491699477256,3.771389349617673
weighted_sum,w12,2,2,63140000.0,63140000.0,0.0,63140000.0,2.4727978082178224,2.472831136530499,4.71333517981888e-05,2.4728644648431755,3.999799955387287,4.084511863539917,0.11980072940395325,4.169223771692547
weighted_sum,w13,2,2,60660000.0,60710000.0,70710.67811865476,60760000.0,6.597875588012466,6.688068887701124,0.12755258765488006,6.778262187389781,4.4218563603012555,4.468676971962656,0.06621434401015586,4.515497583624056
weighted_sum,w14,2,2,60320000.0,60650000.0,466690.47558312136,60980000.0,4.717810246919468,5.080553520701965,0.5129964574428236,5.4432967944844615,5.232499281248274,5.4382080257592245,0.29091609638612775,5.643916770270175
weighted_sum,w15,2,2,60160000.0,60230000.0,98994.94936611665,60300000.0,6.5257736534576,6.6257744250794515,0.14142244747539676,6.725775196701303,5.673045479208304,5.752250079277197,0.11201221961976555,5.83145467934609
weighted_sum,w16,2,2,63380000.0,63450000.0,98994.94936611665,63520000.0,2.410236845055409,2.461302665996206,0.07221797654819118,2.512368486937003,3.0894693467309127,3.1959852110753086,0.15063617996373724,3.302501075419704
