run_id,phase,method,configuration,seed,original_feasible,scalar_feasible,f1,f2,f3,norm_f1,norm_f2,norm_f3,scalar_objective,total_violation,epsilon_violation_f2,epsilon_violation_f3,evaluations,first_feasible_at,runtime_seconds,iterations,improvements,weights,epsilon_limits,code_version,config_hash
weighted_sum_w01_seed2021,final,weighted_sum,w01,2021,True,True,65660000.0,5.481739029316805,1.4507013882237965,0.9738562091503268,0.7536848616487549,0.005851216371897682,0.005851216371897682,0.0,0.0,0.0,200000,410,32.43700156600971,21,4,"{""f1"": 0.0, ""f2"": 0.0, ""f3"": 1.0}",,d5e0d94,130e7162fbcffd63ea3433230c0b1c052f8578a308a339fa5246eeceebcf3ca8
weighted_sum_w01_seed2022,final,weighted_sum,w01,2022,True,True,65820000.0,6.258846464297679,1.4214579679821786,1.0,0.9420888719934294,0.00013597763416436568,0.00013597763416436568,0.0,0.0,0.0,200000,522,30.005483917993843,23,6,"{""f1"": 0.0, ""f2"": 0.0, ""f3"": 1.0}",,d5e0d94,fdb4c8a28304947be41a6756de7bf8c8043d8fb2e884ecc7c8b5a288b1be94a3
weighted_sum_w01_seed2023,final,weighted_sum,w01,2023,True,True,65740000.0,5.912139331734018,1.4355842007237969,0.9869281045751634,0.8580322650820517,0.0028967625189719086,0.0028967625189719086,0.0,0.0,0.0,200000,1100,33.273988004992134,21,4,"{""f1"": 0.0, ""f2"": 0.0, ""f3"": 1.0}",,d5e0d94,d6d40644d53e69248d09fcad47fe0b6bced88c78c1d220118d529bb390b2d9da
weighted_sum_w01_seed2024,final,weighted_sum,w01,2024,True,True,65820000.0,6.319524597723067,1.4287693123216616,1.0,0.9567998413690522,0.0015648829417060752,0.0015648829417060752,0.0,0.0,0.0,200000,1257,32.09264852300112,22,3,"{""f1"": 0.0, ""f2"": 0.0, ""f3"": 1.0}",,d5e0d94,57b2c7cf93538abc29af7426a4ea6892bf280ae41f9b4eb630af81f3f9005266
weighted_sum_w01_seed2025,final,weighted_sum,w01,2025,True,True,65660000.0,5.4579332770285065,1.4507013882237962,0.9738562091503268,0.7479133312290289,0.005851216371897639,0.005851216371897639,0.0,0.0,0.0,200000,1049,30.10660743500921,24,6,"{""f1"": 0.0, ""f2"": 0.0, ""f3"": 1.0}",,d5e0d94,0b8fbc890000b1e73796fbf90f3ccd19c5ea890bc758abe273e467817351918e
weighted_sum_w02_seed2021,final,weighted_sum,w02,2021,True,True,65460000.0,2.681731824283534,1.6922893059755209,0.9411764705882353,0.07484360666161739,0.05306637159980745,0.05851068036525993,0.0,0.0,0.0,200000,805,36.45137452399649,22,6,"{""f1"": 0.0, ""f2"": 0.25, ""f3"": 0.75}",,d5e0d94,565051f596bdd4132b416f93dca5b80b8dd6faa78fcbfafddde34156028f5701
weighted_sum_w02_seed2022,final,weighted_sum,w02,2022,True,True,65460000.0,2.681498617101394,1.69348250031639,0.9411764705882353,0.074787067287036,0.053299565612759274,0.05867144103132846,0.0,0.0,0.0,200000,1187,31.732252724003047,29,3,"{""f1"": 0.0, ""f2"": 0.25, ""f3"": 0.75}",,d5e0d94,14c041fd736d785f919834ffa2a16a5a551a5643f6e5a7af21c9862a004e879c
weighted_sum_w02_seed2023,final,weighted_sum,w02,2023,True,True,65460000.0,2.6794038834619145,1.6920504214444063,0.9411764705882353,0.07427921444646766,0.05301968478565265,0.058334567200856405,0.0,0.0,0.0,200000,393,32.46695077800541,28,2,"{""f1"": 0.0, ""f2"": 0.25, ""f3"": 0.75}",,d5e0d94,4acd10add5238c40560617894818354253b6792e7e21ba94b23c9408c9df6adc
weighted_sum_w02_seed2024,final,weighted_sum,w02,2024,True,True,65460000.0,2.6790775154826187,1.6926322350050282,0.9411764705882353,0.07420008891841384,0.05313339253161161,0.05840006662831217,0.0,0.0,0.0,200000,604,30.43452437200176,25,7,"{""f1"": 0.0, ""f2"": 0.25, ""f3"": 0.75}",,d5e0d94,0e0326721cebdf8d6454c02b3499fffbfa438699fbd6bcf01cdaf5d2fb5a09b2
weighted_sum_w02_seed2025,final,weighted_sum,w02,2025,True,True,65460000.0,2.6796719558752042,1.6927830515116915,0.9411764705882353,0.07434420664117984,0.0531628676181114,0.05845820237387851,0.0,0.0,0.0,200000,451,28.57211716499296,28,7,"{""f1"": 0.0, ""f2"": 0.25, ""f3"": 0.75}",,d5e0d94,2b8d1cf49357109841082133f5d943ff4c1d4b689109764c2a67df8d32412857
weighted_sum_w03_seed2021,final,weighted_sum,w03,2021,True,True,65460000.0,2.6798894571955407,1.6921213689634746,0.9411764705882353,0.07439693824451042,0.05303355053753718,0.0637152443910238,0.0,0.0,0.0,200000,5004,30.730420120002236,27,3,"{""f1"": 0.0, ""f2"": 0.5, ""f3"": 0.5}",,d5e0d94,33b23e395b256b9b13565a34f9b57b4b4fca8fa3634986128432013f355ea322
weighted_sum_w03_seed2022,final,weighted_sum,w03,2022,True,True,65460000.0,2.679451212296446,1.6940933661349407,0.9411764705882353,0.07429068897602341,0.053418951237316596,0.06385482010667,0.0,0.0,0.0,200000,5864,29.78055626701098,28,6,"{""f1"": 0.0, ""f2"": 0.5, ""f3"": 0.5}",,d5e0d94,ec4fa08d09f14ab8576db94372a5a687acfef6fca2310b89b2cba4799366425c
weighted_sum_w03_seed2023,final,weighted_sum,w03,2023,True,True,65460000.0,2.6814582074435798,1.700950067067461,0.9411764705882353,0.07477727026123734,0.0547590025192396,0.06476813639023847,0.0,0.0,0.0,200000,618,28.56189073200221,28,9,"{""f1"": 0.0, ""f2"": 0.5, ""f3"": 0.5}",,d5e0d94,6128030d61d2a3858380ce7efa1fc3d42ab04773388460f7aa4797cefe0c9a81
weighted_sum_w03_seed2024,final,weighted_sum,w03,2024,True,True,65460000.0,2.6796041608780525,1.6928207892091673,0.9411764705882353,0.07432777024027859,0.05317024295070604,0.06374900659549232,0.0,0.0,0.0,200000,4927,28.264868384998408,30,3,"{""f1"": 0.0, ""f2"": 0.5, ""f3"": 0.5}",,d5e0d94,b438e09a2df1ae503a4b4c19c6761340042e2ae84ddf2c4bd689a6595459bfa0
weighted_sum_w03_seed2025,final,weighted_sum,w03,2025,True,True,65460000.0,2.6787022522125925,1.693310337601687,0.9411764705882353,0.07410910908496296,0.053265918692934754,0.06368751388894886,0.0,0.0,0.0,200000,5327,29.302825647988357,26,7,"{""f1"": 0.0, ""f2"": 0.5, ""f3"": 0.5}",,d5e0d94,becca82b6e08c03164f4293dfb7f1f9843f1d7fd6b0374c2c966d5456b7dd551
weighted_sum_w04_seed2021,final,weighted_sum,w04,2021,True,True,65260000.0,2.6093294669663702,1.8729519796926315,0.9084967320261438,0.057290185007251845,0.08837449570975875,0.06506126268287857,0.0,0.0,0.0,200000,2025,31.934222440992016,24,7,"{""f1"": 0.0, ""f2"": 0.75, ""f3"": 0.25}",,d5e0d94,697f1ccdd2c4c9b8a4b98efb6ca298ec3c1e01aef85ef4464691a4332de92ecb
weighted_sum_w04_seed2022,final,weighted_sum,w04,2022,True,True,65260000.0,2.609273072035606,1.8662419053160841,0.9084967320261438,0.05727651246901474,0.08706310064402914,0.06472315951276833,0.0,0.0,0.0,200000,603,29.539616616995772,20,5,"{""f1"": 0.0, ""f2"": 0.75, ""f3"": 0.25}",,d5e0d94,4f09deca12f55e7ea575410771c031a92be73c3c7b71e4934c4b3bb96202b220
weighted_sum_w04_seed2023,final,weighted_sum,w04,2023,True,True,65260000.0,2.6098062714858816,1.8633468648239322,0.9084967320261438,0.05740578277351002,0.08649730336616811,0.06467866292167454,0.0,0.0,0.0,200000,443,35.317573740001535,24,5,"{""f1"": 0.0, ""f2"": 0.75, ""f3"": 0.25}",,d5e0d94,36063c7da7d89c8fd551df924b3a0987f6a3d889ac20b20361bf5b429d4c73d9
weighted_sum_w04_seed2024,final,weighted_sum,w04,2024,True,True,65260000.0,2.609823961813786,1.875691152289711,0.9084967320261438,0.05741007166404363,0.0889098306742335,0.0652850114165911,0.0,0.0,0.0,200000,1981,35.61956672600354,25,2,"{""f1"": 0.0, ""f2"": 0.75, ""f3"": 0.25}",,d5e0d94,eaa340da7ce39ee59f3bd280f5af1d1bb21a7bc2fc92a8529c7c52436e0c170e
weighted_sum_w04_seed2025,final,weighted_sum,w04,2025,True,True,65260000.0,2.6094295320484813,1.8643490378437335,0.9084967320261438,0.05731444505408263,0.08669316479473413,0.0646591249892455,0.0,0.0,0.0,200000,5333,30.426742722993367,22,7,"{""f1"": 0.0, ""f2"": 0.75, ""f3"": 0.25}",,d5e0d94,4f35da05fc8af9a0c8c0f7070a68133ec032ceacf0adc0a08d3c50b3e5b97ea4
weighted_sum_w05_seed2021,final,weighted_sum,w05,2021,True,True,63440000.0,2.3728908115562173,3.7070039238942294,0.6111111111111112,-3.263661891335979e-05,0.44681562988320006,-3.263661891335979e-05,0.0,0.0,0.0,200000,546,31.3088820809935,32,3,"{""f1"": 0.0, ""f2"": 1.0, ""f3"": 0.0}",,d5e0d94,02c337cc9a0f7767e62cc139ad8b8dbd4a434dab1a6f549a304e193e4c0e924a
weighted_sum_w05_seed2022,final,weighted_sum,w05,2022,True,True,63440000.0,2.372751837832068,3.645794854510634,0.6111111111111112,-6.63297812531921e-05,0.43485312886412025,-6.63297812531921e-05,0.0,0.0,0.0,200000,650,30.01010863800184,29,8,"{""f1"": 0.0, ""f2"": 1.0, ""f3"": 0.0}",,d5e0d94,c0c901ffd9e3c5190dc8b34de1a8ef6dd0812ce7582a0af0169a11e59cff58a9
weighted_sum_w05_seed2023,final,weighted_sum,w05,2023,True,True,63440000.0,2.3730126376118874,3.8048052376528627,0.6111111111111112,-3.1007833010157107e-06,0.46592959987632243,-3.1007833010157107e-06,0.0,0.0,0.0,200000,383,31.059203090000665,30,5,"{""f1"": 0.0, ""f2"": 1.0, ""f3"": 0.0}",,d5e0d94,6f473e4d2b28dbbcf0667898c9dac972449f8887d61e4739dd3bf5523ef92797
weighted_sum_w05_seed2024,final,weighted_sum,w05,2024,True,True,63440000.0,2.3728538502914636,3.7546619213133363,0.6111111111111112,-4.1597607051613406e-05,0.4561297535651092,-4.1597607051613406e-05,0.0,0.0,0.0,200000,858,26.954966866003815,32,8,"{""f1"": 0.0, ""f2"": 1.0, ""f3"": 0.0}",,d5e0d94,6c2c0fce8d7d8bc29a8b89d91da0890d179c43bb68be2584416d7f77ab8dd60b
weighted_sum_w05_seed2025,final,weighted_sum,w05,2025,True,True,63440000.0,2.373127537566602,3.5974089606088953,0.6111111111111112,2.475586982340506e-05,0.42539674746610867,2.475586982340506e-05,0.0,0.0,0.0,200000,853,26.56038522000017,29,5,"{""f1"": 0.0, ""f2"": 1.0, ""f3"": 0.0}",,d5e0d94,d3d658e436d928159c09f3b2346f90797ea6ec2330cef52684b327186f45e8ba
weighted_sum_w06_seed2021,final,weighted_sum,w06,2021,True,True,64040000.0,6.011570920899889,1.675555000052125,0.7091503267973857,0.8821387261845055,0.04979587339295405,0.21463448674406194,0.0,0.0,0.0,200000,1005,28.43639607600926,21,3,"{""f1"": 0.25, ""f2"": 0.0, ""f3"": 0.75}",,d5e0d94,887778784190faf40ff5b90629fd4563f804b465974bfa01ec11f6eb91a98dc1
weighted_sum_w06_seed2022,final,weighted_sum,w06,2022,True,True,64040000.0,5.918582049369751,1.6754273914216289,0.7091503267973857,0.859594254821759,0.049770933978129955,0.2146157821829439,0.0,0.0,0.0,200000,879,30.57126906600024,22,3,"{""f1"": 0.25, ""f2"": 0.0, ""f3"": 0.75}",,d5e0d94,e94947753afe2be0b3532e9e9985d41cceb624e4bf57b38c823ce789b22a2a23
weighted_sum_w06_seed2023,final,weighted_sum,w06,2023,True,True,64040000.0,6.001553001786037,1.6752930043958518,0.7091503267973857,0.8797099550115662,0.049744669815825274,0.2145960840612154,0.0,0.0,0.0,200000,295,32.90316933399299,24,6,"{""f1"": 0.25, ""f2"": 0.0, ""f3"": 0.75}",,d5e0d94,79e56ba187a85f3add53245a1b90e2fbea35ce1696932573c02034dbfec4c350
weighted_sum_w06_seed2024,final,weighted_sum,w06,2024,True,True,64040000.0,5.966657237350149,1.6752846445080478,0.7091503267973857,0.8712497323089922,0.049743035986600584,0.21459485868929684,0.0,0.0,0.0,200000,383,30.86937646199658,19,4,"{""f1"": 0.25, ""f2"": 0.0, ""f3"": 0.75}",,d5e0d94,b5de560c8e5df8c926f04878ebb1ee0cae0b4ca682f89285fe630497fd05011e
weighted_sum_w06_seed2025,final,weighted_sum,w06,2025,True,True,64060000.0,6.452773297191188,1.6643457842267277,0.7124183006535948,0.989105013373518,0.047605180786698904,0.21380846075342289,0.0,0.0,0.0,200000,1121,29.265371874003904,22,0,"{""f1"": 0.25, ""f2"": 0.0, ""f3"": 0.75}",,d5e0d94,54c8ef15eb37d8cf7030c63a9db231dfc7814b6046cf192745f9443513fed7ea
weighted_sum_w07_seed2021,final,weighted_sum,w07,2021,True,True,65460000.0,2.679823923477261,1.693615718404597,0.9411764705882353,0.07438105007412255,0.05332560132171523,0.2805521808264471,0.0,0.0,0.0,200000,5552,27.672608216002118,23,9,"{""f1"": 0.25, ""f2"": 0.25, ""f3"": 0.5}",,d5e0d94,f4448de38cbcdc0a7c2c020cfe30cd86d1ae7954b6cc2713f4852368928e550a
weighted_sum_w07_seed2022,final,weighted_sum,w07,2022,True,True,65460000.0,2.6793409591307604,1.6920576900605253,0.9411764705882353,0.07426395890289153,0.05302110534029604,0.2803706600429297,0.0,0.0,0.0,200000,361,34.746473258011974,23,5,"{""f1"": 0.25, ""f2"": 0.25, ""f3"": 0.5}",,d5e0d94,6c5ba523929aefd4764c662bf36117110c24e228cbb993769f3e0a54ab39eae6
weighted_sum_w07_seed2023,final,weighted_sum,w07,2023,True,True,65460000.0,2.680237551743149,1.6924479190075117,0.9411764705882353,0.07448133122004555,0.053097370413805724,0.2804631356589731,0.0,0.0,0.0,200000,654,28.124098881002283,21,6,"{""f1"": 0.25, ""f2"": 0.25, ""f3"": 0.5}",,d5e0d94,f64abe3ea6af6d8fa1f790d63b46dd3f8fac9cd8c91e71d16599890d2bc1de40
weighted_sum_w07_seed2024,final,weighted_sum,w07,2024,True,True,65460000.0,2.6794107257228665,1.692706558088295,0.9411764705882353,0.07428087330256035,0.05314791799276096,0.2804382949690794,0.0,0.0,0.0,200000,982,29.959497289004503,20,4,"{""f1"": 0.25, ""f2"": 0.25, ""f3"": 0.5}",,d5e0d94,acf6daf546d0fcc1377a0057496b00985b4020bc3e9c014000fb9bc9141a90dc
weighted_sum_w07_seed2025,final,weighted_sum,w07,2025,True,True,65460000.0,2.680075702378723,1.6930450265221373,0.9411764705882353,0.07444209202613628,0.05321406716028694,0.28051167423373635,0.0,0.0,0.0,200000,481,28.856693148991326,22,6,"{""f1"": 0.25, ""f2"": 0.25, ""f3"": 0.5}",,d5e0d94,3f74a756436e47d19545a3063808c3c89bdfe73bb52bcb18c3519fd7f81454f7
weighted_sum_w08_seed2021,final,weighted_sum,w08,2021,True,True,63700000.0,2.4081162906665865,3.070316626927895,0.6535947712418301,0.008507522993469529,0.32238353974532646,0.2482483392435239,0.0,0.0,0.0,200000,6500,23.34314648999134,22,8,"{""f1"": 0.25, ""f2"": 0.5, ""f3"": 0.25}",,d5e0d94,42d508c30af1e8f4d5e28d611c2ceb27e52af5eb431a41b8a1af7596a47eb2fa
weighted_sum_w08_seed2022,final,weighted_sum,w08,2022,True,True,63700000.0,2.407552397944116,3.07681223074855,0.6535947712418301,0.008370811329759514,0.3236530193846452,0.24849735332149858,0.0,0.0,0.0,200000,5067,32.62944987301307,23,6,"{""f1"": 0.25, ""f2"": 0.5, ""f3"": 0.25}",,d5e0d94,0cc92fe34ccf4a2c183b1b08d0d78a4b1d97e746668ed8e6e10b312d3de690e9
weighted_sum_w08_seed2023,final,weighted_sum,w08,2023,True,True,63960000.0,2.4403713210384095,2.844834049545013,0.696078431372549,0.01632751904844267,0.27831595974630163,0.251762357303934,0.0,0.0,0.0,200000,1210,27.515100964999874,25,5,"{""f1"": 0.25, ""f2"": 0.5, ""f3"": 0.25}",,d5e0d94,7d64d13deaa824a6daaf1255e20a50d90d44311455d347701726ea80a1cacd3d
weighted_sum_w08_seed2024,final,weighted_sum,w08,2024,True,True,63700000.0,2.4076745115938656,3.0653113360440494,0.6535947712418301,0.008400416890451713,0.3214053220089392,0.2479502317579182,0.0,0.0,0.0,200000,4104,26.519559844004107,22,4,"{""f1"": 0.25, ""f2"": 0.5, ""f3"": 0.25}",,d5e0d94,dd0d3d8400d79c464137ceaac221add277f45e1be91cd4b0a81894502b71ed39
weighted_sum_w08_seed2025,final,weighted_sum,w08,2025,True,True,63440000.0,2.3756388152139447,3.3257563683552687,0.6111111111111112,0.0006335967566178165,0.37230585024458357,0.24617103871723262,0.0,0.0,0.0,200000,1283,23.727445736993104,24,4,"{""f1"": 0.25, ""f2"": 0.5, ""f3"": 0.25}",,d5e0d94,2835805e60722a11962ea384d90c070b264e77cd829be38f3d5ef83a720124d1
weighted_sum_w09_seed2021,final,weighted_sum,w09,2021,True,True,63440000.0,2.372918352275958,3.4058554873725155,0.6111111111111112,-2.5959572969171196e-05,0.3879601609949445,0.1527583080980509,0.0,0.0,0.0,200000,761,22.980264042009367,26,3,"{""f1"": 0.25, ""f2"": 0.75, ""f3"": 0.0}",,d5e0d94,2d85a08e5aa31d5b5c0423aa81172d4232add1f556a2d527e6c61854e1504f3c
weighted_sum_w09_seed2022,final,weighted_sum,w09,2022,True,True,63440000.0,2.3730605939598783,3.518988606684993,0.6111111111111112,8.525882300502143e-06,0.4100705290939226,0.15278417218950316,0.0,0.0,0.0,200000,5212,24.108559300992056,27,10,"{""f1"": 0.25, ""f2"": 0.75, ""f3"": 0.0}",,d5e0d94,76b636b42f6e4590c72a5511c045d17bb6e503e029dc9dffe0a9657352db8446
weighted_sum_w09_seed2023,final,weighted_sum,w09,2023,True,True,63440000.0,2.3728968643083634,3.9047829466257746,0.6111111111111112,-3.116917345263474e-05,0.48546891745650855,0.15275440089768832,0.0,0.0,0.0,200000,973,23.561589436008944,30,9,"{""f1"": 0.25, ""f2"": 0.75, ""f3"": 0.0}",,d5e0d94,e3a7188d888f35bda12d37ff4725d7bc3febbb54b3f49d4a0b5f250442107921
weighted_sum_w09_seed2024,final,weighted_sum,w09,2024,True,True,63700000.0,2.4058782287893985,3.217609586331995,0.6535947712418301,0.007964921270617492,0.35116999565323226,0.16937238376342065,0.0,0.0,0.0,200000,7613,23.158037276996765,27,4,"{""f1"": 0.25, ""f2"": 0.75, ""f3"": 0.0}",,d5e0d94,9d30bdf3c84be43a249c18e0bbbddb7f93fbfc531c2356c8ac071a46c19fbfb1
weighted_sum_w09_seed2025,final,weighted_sum,w09,2025,True,True,63440000.0,2.372851373941904,3.9002652943888214,0.6111111111111112,-4.2197979879163964e-05,0.48458600222788906,0.1527461292928684,0.0,0.0,0.0,200000,422,22.87623290999909,26,5,"{""f1"": 0.25, ""f2"": 0.75, ""f3"": 0.0}",,d5e0d94,ba506dff3bf078ecd0b3a039cc507cdd8c2546466a13e26a3bad05328020261e
weighted_sum_w10_seed2021,final,weighted_sum,w10,2021,True,True,62560000.0,6.8369742998031775,2.441501272000642,0.4673202614379085,1.0822517346789513,0.19948991630222487,0.3334050888700667,0.0,0.0,0.0,200000,323,22.988339301999076,18,4,"{""f1"": 0.5, ""f2"": 0.0, ""f3"": 0.5}",,d5e0d94,98571ba7e7a5e443eb9c9c0f3fa0724cc46e2073e0752443994c7f895bc29737
weighted_sum_w10_seed2022,final,weighted_sum,w10,2022,True,True,62200000.0,6.93955413604966,2.659443423002411,0.4084967320261438,1.1071214652456303,0.24208381994614833,0.32529027598614607,0.0,0.0,0.0,200000,285,28.258030999000766,19,3,"{""f1"": 0.5, ""f2"": 0.0, ""f3"": 0.5}",,d5e0d94,4e6adb12fae0b8e5b41022db97f27855c61505aca5b648f6065b671ca82189a7
weighted_sum_w10_seed2023,final,weighted_sum,w10,2023,True,True,62500000.0,6.825544905355667,2.482027513017178,0.45751633986928103,1.0794807616412592,0.207410232757644,0.3324632863134625,0.0,0.0,0.0,200000,629,27.28399446399999,20,3,"{""f1"": 0.5, ""f2"": 0.0, ""f3"": 0.5}",,d5e0d94,fd48e43e8fe84356601bdfdf81766ba97042ddb8d289c737c4d04076ee6cf507
weighted_sum_w10_seed2024,final,weighted_sum,w10,2024,True,True,62180000.0,6.8851990708598905,2.7132187785923003,0.40522875816993464,1.0939434774883123,0.25259350017039683,0.32891112917016574,0.0,0.0,0.0,200000,288,25.11951954299002,18,0,"{""f1"": 0.5, ""f2"": 0.0, ""f3"": 0.5}",,d5e0d94,4e19338f4ee6e6c60a30d948a46adafa8f181694ad1f90a14faecc1ebecaa5c1
weighted_sum_w10_seed2025,final,weighted_sum,w10,2025,True,True,62280000.0,6.837842566673464,2.6670558608790547,0.4215686274509804,1.082462239627235,0.24357156999322616,0.3325700987221033,0.0,0.0,0.0,200000,464,22.914932100000442,20,4,"{""f1"": 0.5, ""f2"": 0.0, ""f3"": 0.5}",,d5e0d94,f0d190890b638e1368f812ce414437294f6922143f11158b3909c241f30f682d
weighted_sum_w11_seed2021,final,weighted_sum,w11,2021,True,True,62620000.0,2.898214261909755,3.8051693575124,0.477124183006536,0.12732818933579393,0.46600076227487947,0.3868943294059363,0.0,0.0,0.0,200000,426,22.28535006000311,19,3,"{""f1"": 0.5, ""f2"": 0.25, ""f3"": 0.25}",,d5e0d94,de21b35d693fd18aa4e514f9a761db0412d383154cde444364b590bb40fb1b94
weighted_sum_w11_seed2022,final,weighted_sum,w11,2022,True,True,62620000.0,2.899624712716173,3.8042316685836344,0.477124183006536,0.1276701428114154,0.4658175034068898,0.3869340030578443,0.0,0.0,0.0,200000,434,24.394642993996968,19,5,"{""f1"": 0.5, ""f2"": 0.25, ""f3"": 0.25}",,d5e0d94,e58c1a95b27279ea13498ea5f28d6f17e6e2d70570eb1257114c5fad871288fc
weighted_sum_w11_seed2023,final,weighted_sum,w11,2023,True,True,62620000.0,2.8982340369833492,3.804544299278728,0.477124183006536,0.1273329836576628,0.4658786029309688,0.38686498815042586,0.0,0.0,0.0,200000,355,23.9803499510017,20,3,"{""f1"": 0.5, ""f2"": 0.25, ""f3"": 0.25}",,d5e0d94,abf5c66c765007ed880ef3ee142a0d3082dc8d8aba23e46b4c05cba7614c247c
weighted_sum_w11_seed2024,final,weighted_sum,w11,2024,True,True,62620000.0,2.8970447737240494,3.784538862673829,0.477124183006536,0.12704465548407742,0.4619688056054539,0.3858154567756508,0.0,0.0,0.0,200000,384,22.501807975990232,21,3,"{""f1"": 0.5, ""f2"": 0.25, ""f3"": 0.25}",,d5e0d94,d747da84e7a7c59b8ccf43a1ca8e2a7e8e4ac543db2563f8325c45b86e285bae
weighted_sum_w11_seed2025,final,weighted_sum,w11,2025,True,True,62620000.0,2.907064693248011,3.7873867253613374,0.477124183006536,0.12947391164180772,0.46252538260694387,0.3865619150654559,0.0,0.0,0.0,200000,772,22.548529575011344,21,8,"{""f1"": 0.5, ""f2"": 0.25, ""f3"": 0.25}",,d5e0d94,58ffdca8bd12f1a4712ddd64cb8fdbc830f47c10bc3091a66a477d53c82cacae
weighted_sum_w12_seed2021,final,weighted_sum,w12,2021,True,True,63140000.0,2.4726920207667296,3.5468299736517888,0.5620915032679739,0.024163436158296865,0.41551175510939486,0.29312746971313536,0.0,0.0,0.0,200000,863,23.00823405200208,29,6,"{""f1"": 0.5, ""f2"": 0.5, ""f3"": 0.0}",,d5e0d94,b5e44b97c5b5a40e07c2fd94f4380243c2f65618a7fee06d7e541a461c82eb1d
weighted_sum_w12_seed2022,final,weighted_sum,w12,2022,True,True,63140000.0,2.4727696768724563,4.242338946920741,0.5620915032679739,0.02418226331280354,0.5514397619439309,0.2931368832903887,0.0,0.0,0.0,200000,549,22.51027804700425,27,3,"{""f1"": 0.5, ""f2"": 0.5, ""f3"": 0.0}",,d5e0d94,a9caa43f4f57fe62e97b9c5662f78408aafa84443cc53ad7ea8bb5d91141c572
weighted_sum_w12_seed2023,final,weighted_sum,w12,2023,True,True,63140000.0,2.4725842186347133,4.194932786071934,0.5620915032679739,0.024137300320340224,0.5421748563804999,0.29311440179415704,0.0,0.0,0.0,200000,822,22.52389258200128,27,5,"{""f1"": 0.5, ""f2"": 0.5, ""f3"": 0.0}",,d5e0d94,d1df29e3fff2d0b28341af875175b798d57a9c86f8d5c337beced791dd111ab5
weighted_sum_w12_seed2024,final,weighted_sum,w12,2024,True,True,63140000.0,2.4727075174061803,3.9122202324768325,0.5620915032679739,0.024167193205119435,0.48692243636258603,0.2931293482365466,0.0,0.0,0.0,200000,645,22.872983641005703,27,4,"{""f1"": 0.5, ""f2"": 0.5, ""f3"": 0.0}",,d5e0d94,31d2f522b0a994da99e3f78cb0b582d5dbbb769adf2b81b94d7955805d696506
weighted_sum_w12_seed2025,final,weighted_sum,w12,2025,True,True,63140000.0,2.472697101066536,4.000975370537139,0.5620915032679739,0.024164667839804768,0.5042684512618019,0.2931280855538893,0.0,0.0,0.0,200000,855,22.444645626994316,29,6,"{""f1"": 0.5, ""f2"": 0.5, ""f3"": 0.0}",,d5e0d94,a0e932b584f8a0c348081622da52f15a331aec69851988da7c4da6f83116b463
weighted_sum_w13_seed2021,final,weighted_sum,w13,2021,True,True,60500000.0,6.874616268886311,4.782472477165033,0.13071895424836602,1.0913777546001313,0.6570016986153318,0.2622896403401075,0.0,0.0,0.0,200000,376,22.356719923991477,19,6,"{""f1"": 0.75, ""f2"": 0.0, ""f3"": 0.25}",,d5e0d94,8ca79146bc31568e49bfc55ab6797bac6cc4460ed39587c5fffc3870c1196300
weighted_sum_w13_seed2022,final,weighted_sum,w13,2022,True,True,60280000.0,6.786934941113845,5.122405952167663,0.09477124183006536,1.0701200583781347,0.7234371890106183,0.2519377286252036,0.0,0.0,0.0,200000,250,22.262978430997464,18,6,"{""f1"": 0.75, ""f2"": 0.0, ""f3"": 0.25}",,d5e0d94,02712653932d511af38c26025dd9b0c7966e6af5ed270068e9d5efc6067f4ed6
weighted_sum_w13_seed2023,final,weighted_sum,w13,2023,True,True,60240000.0,6.757975343680455,5.160120951449718,0.08823529411764706,1.0630990159214346,0.7308080855442469,0.248878491974297,0.0,0.0,0.0,200000,499,22.246780164990923,20,5,"{""f1"": 0.75, ""f2"": 0.0, ""f3"": 0.25}",,d5e0d94,9c92076c0642fb15703524c5853079c54bb64125f0b89155bfcc5bb775ed1d00
weighted_sum_w13_seed2024,final,weighted_sum,w13,2024,True,True,59940000.0,6.580381925747137,5.611138679304173,0.0392156862745098,1.0200427914622279,0.8189535202553967,0.23415014476973153,0.0,0.0,0.0,200000,558,22.251627739999094,18,5,"{""f1"": 0.75, ""f2"": 0.0, ""f3"": 0.25}",,d5e0d94,72ea474862b7c238021eb5e3b78f395c001feeac2d77d5435d635f4a1dad3998
weighted_sum_w13_seed2025,final,weighted_sum,w13,2025,True,True,60600000.0,6.642378358983437,4.6533842043884395,0.14705882352941177,1.0350733729790191,0.6317731073266182,0.26823739447871336,0.0,0.0,0.0,200000,958,23.17510389701056,17,2,"{""f1"": 0.75, ""f2"": 0.0, ""f3"": 0.25}",,d5e0d94,7c19eb3cd5cd2e4a9dfc89107a2d5c16aaf5eecbb8e797bf6ffab8b88c0404d6
weighted_sum_w14_seed2021,final,weighted_sum,w14,2021,True,True,59880000.0,5.963933384728643,6.157054982976418,0.029411764705882353,0.8705893541754433,0.9256456233175242,0.23970616207327258,0.0,0.0,0.0,200000,389,23.006066524001653,22,9,"{""f1"": 0.75, ""f2"": 0.25, ""f3"": 0.0}",,d5e0d94,f3d7aa774f292d52cc4550e3846a4595d28bbbfce12b53ad3eff18403193b34f
weighted_sum_w14_seed2022,final,weighted_sum,w14,2022,True,True,59880000.0,5.9625724304084535,6.233363787774344,0.029411764705882353,0.8702594007606675,0.940559167410789,0.23962367371957866,0.0,0.0,0.0,200000,408,24.596824372987612,21,10,"{""f1"": 0.75, ""f2"": 0.25, ""f3"": 0.0}",,d5e0d94,22b526cbbc01400626e937f1ab8b851c5331d25fddfeedd2171c1709e92200c2
weighted_sum_w14_seed2023,final,weighted_sum,w14,2023,True,True,60140000.0,5.6506076664417835,6.080093829128038,0.0718954248366013,0.7946258268533518,0.910604586252067,0.25257802534078894,0.0,0.0,0.0,200000,317,24.07829598999524,21,6,"{""f1"": 0.75, ""f2"": 0.25, ""f3"": 0.0}",,d5e0d94,ee5778d87f02e9d72e2d13202a66664b5ca0122a605a7186760757a458aecf91
weighted_sum_w14_seed2024,final,weighted_sum,w14,2024,True,True,60100000.0,5.698591231614709,6.061514750567218,0.06535947712418301,0.8062590910614555,0.9069735516936993,0.25058438060850113,0.0,0.0,0.0,200000,348,23.56880479499523,20,6,"{""f1"": 0.75, ""f2"": 0.25, ""f3"": 0.0}",,d5e0d94,947a8e90d8723465d0b489f5e6813dc6b8e995d41fb9572d21df84421ca9bcdc
weighted_sum_w14_seed2025,final,weighted_sum,w14,2025,True,True,60320000.0,5.442779672855091,5.714505292221885,0.10130718954248366,0.744239450798947,0.8391551541769598,0.26204025485659954,0.0,0.0,0.0,200000,442,24.083029828994768,20,3,"{""f1"": 0.75, ""f2"": 0.25, ""f3"": 0.0}",,d5e0d94,f2162f71e00dbc642777cd425699bc6a8d5c0c319a32df79b352b43b95afbbff
weighted_sum_w15_seed2021,final,weighted_sum,w15,2021,True,True,59680000.0,6.885689847537287,6.634567656013078,-0.0032679738562091504,1.0940624627019941,1.018969143759014,-0.0032679738562091504,0.0,0.0,0.0,200000,631,23.56667468100204,45,9,"{""f1"": 1.0, ""f2"": 0.0, ""f3"": 0.0}",,d5e0d94,f835d226eea1a4aab999b626021b6757adda9f41a2d539fd865e74e51193bf21
weighted_sum_w15_seed2022,final,weighted_sum,w15,2022,True,True,60340000.0,6.624223000215155,5.512965743490879,0.10457516339869281,1.0306717391157751,0.7997669216591546,0.10457516339869281,0.0,0.0,0.0,200000,482,22.745796973002143,43,9,"{""f1"": 1.0, ""f2"": 0.0, ""f3"": 0.0}",,d5e0d94,b5ba6e0f74d2b18c3c08da5e0236f6dd217d36c0c03cc573d60e3b6992f0c92d
weighted_sum_w15_seed2023,final,weighted_sum,w15,2023,True,True,60160000.0,6.413129157248027,6.176409724625593,0.07516339869281045,0.979493581780226,0.9294282509417295,0.07516339869281045,0.0,0.0,0.0,200000,571,23.341437744995346,45,7,"{""f1"": 1.0, ""f2"": 0.0, ""f3"": 0.0}",,d5e0d94,2078052f677b67b0332dcc73be7744bcf823e663dac2627f8b8cb4dc0adea510
weighted_sum_w15_seed2024,final,weighted_sum,w15,2024,True,True,59860000.0,6.790890320455984,6.0391965145726765,0.026143790849673203,1.0710790111521635,0.9026117483936753,0.026143790849673203,0.0,0.0,0.0,200000,358,22.811362300009932,41,13,"{""f1"": 1.0, ""f2"": 0.0, ""f3"": 0.0}",,d5e0d94,deb74015f2fe1da996c09db7b0ae9a374e2d61d79c97f3d32e75a66dbd63b982
weighted_sum_w15_seed2025,final,weighted_sum,w15,2025,True,True,60300000.0,6.589684320061292,5.655578085729576,0.09803921568627451,1.0222980888840538,0.8276386130039829,0.09803921568627451,0.0,0.0,0.0,200000,434,22.9763608439971,41,10,"{""f1"": 1.0, ""f2"": 0.0, ""f3"": 0.0}",,d5e0d94,2740617b88df89b7df3065f18d0730b476cd57965adfb755618741d99b500b2a
weighted_sum_w16_seed2021,final,weighted_sum,w16,2021,True,True,63260000.0,2.47472014845939,3.3248410226555456,0.5816993464052288,0.024655140874515095,0.3721269580644538,0.3261604817813992,0.0,0.0,0.0,200000,1242,22.699542057991493,19,4,"{""f1"": 0.3333333333333333, ""f2"": 0.3333333333333333, ""f3"": 0.3333333333333333}",,d5e0d94,6d413052b1abb67929b274e5cce0329362de6d731609721a329967499ba9fe8a
weighted_sum_w16_seed2022,final,weighted_sum,w16,2022,True,True,63780000.0,2.5412082497668056,2.8641871676176787,0.6666666666666666,0.04077469444284298,0.2820982700640056,0.32984654372450506,0.0,0.0,0.0,200000,851,23.48861604600097,17,5,"{""f1"": 0.3333333333333333, ""f2"": 0.3333333333333333, ""f3"": 0.3333333333333333}",,d5e0d94,1abd25b541cef4cac0ce5d0e0989335224e4a94e5d0bf006ba12a351e2965da9
weighted_sum_w16_seed2023,final,weighted_sum,w16,2023,True,True,63780000.0,2.544331971123041,2.867407385168704,0.6666666666666666,0.04153201782468474,0.28272761888638986,0.3303087677925804,0.0,0.0,0.0,200000,4598,23.533098685991718,21,5,"{""f1"": 0.3333333333333333, ""f2"": 0.3333333333333333, ""f3"": 0.3333333333333333}",,d5e0d94,71e7fef6bf06da406abcf031e25d929bdcb1c4b02b7809365dac99a7ea4c3946
weighted_sum_w16_seed2024,final,weighted_sum,w16,2024,True,True,63320000.0,2.444224236378719,3.31824986091563,0.5915032679738562,0.017261630175111654,0.3708388028968506,0.32653456701527284,0.0,0.0,0.0,200000,1112,22.4492025859945,20,7,"{""f1"": 0.3333333333333333, ""f2"": 0.3333333333333333, ""f3"": 0.3333333333333333}",,d5e0d94,e6ad83208a2eae2a57d0dc76ed06a24002545639e53a2493453690abb08240e2
weighted_sum_w16_seed2025,final,weighted_sum,w16,2025,True,True,63580000.0,2.4760269379736175,3.0874984743668583,0.6339869281045751,0.024971962428490913,0.3257415040072918,0.32823346484678595,0.0,0.0,0.0,200000,379,22.121860326005844,17,9,"{""f1"": 0.3333333333333333, ""f2"": 0.3333333333333333, ""f3"": 0.3333333333333333}",,d5e0d94,bb4584f986efb49cc348579868e9b35d509453f29cc53cfe499f97f1aa330b9f
epsilon_restricted_e01_seed2021,final,epsilon_restricted,e01,2021,True,True,63740000.0,3.3973246237340806,2.696618363083936,0.6601307189542484,0.24833384381727353,0.24934916906986268,0.6601307189542484,0.0,0.0,0.0,200000,609,23.533865921010147,47,1,,"{""f2"": 0.25, ""f3"": 0.25}",d5e0d94,5d3efe8965d7922b9473840af1121f34f4998bf0c7b45b02f4fbe1abedfceb33
epsilon_restricted_e01_seed2022,final,epsilon_restricted,e01,2022,True,True,63740000.0,3.399213290944001,2.6844529616772252,0.6601307189542484,0.24879173736009394,0.2469716026701308,0.6601307189542484,0.0,0.0,0.0,200000,1239,22.619560114995693,45,5,,"{""f2"": 0.25, ""f3"": 0.25}",d5e0d94,82bf862eaaa4683a0b40851f3a9f758a92bedb4f3663d7b3435bad88abeeddf3
epsilon_restricted_e01_seed2023,final,epsilon_restricted,e01,2023,True,True,63740000.0,3.398024223743321,2.6887163390476396,0.6601307189542484,0.24850345671948612,0.24780482324760247,0.6601307189542484,0.0,0.0,0.0,200000,910,22.456410145998234,38,8,,"{""f2"": 0.25, ""f3"": 0.25}",d5e0d94,11710004b815d2c3851556a5b99bad53f7e5f91b23579e738c2cd5993d54f3ec
epsilon_restricted_e01_seed2024,final,epsilon_restricted,e01,2024,True,True,63740000.0,3.4000771260689366,2.679761327723392,0.6601307189542484,0.24900116786415094,0.24605468502183012,0.6601307189542484,0.0,0.0,0.0,200000,1027,23.463146661000792,42,4,,"{""f2"": 0.25, ""f3"": 0.25}",d5e0d94,cef9c212528152594a771817fc4cabda6ce69f0ef24ef9ebcaa5ae81e7c05841
epsilon_restricted_e01_seed2025,final,epsilon_restricted,e01,2025,True,True,63700000.0,3.392295800436768,2.6999195458037337,0.6535947712418301,0.24711464241232006,0.2499943414609386,0.6535947712418301,0.0,0.0,0.0,200000,897,22.522942680996493,48,4,,"{""f2"": 0.25, ""f3"": 0.25}",d5e0d94,9cda4fb66b1b8c0c8e35639e9490f18a4ebf729843857497caaa9043a042d10c
epsilon_restricted_e02_seed2021,final,epsilon_restricted,e02,2021,True,True,62460000.0,3.3671868488411656,3.963276538658202,0.45098039215686275,0.24102716085801193,0.4969007144327436,0.45098039215686275,0.0,0.0,0.0,200000,1213,23.82230619600159,46,7,,"{""f2"": 0.25, ""f3"": 0.5}",d5e0d94,d31f2397f7762fc2695dbfd875b7ae9cc4bfbdcd78be1199ac2d1a2df2023c99
epsilon_restricted_e02_seed2022,final,epsilon_restricted,e02,2022,True,True,62660000.0,3.3969576589236405,3.9505765004093227,0.48366013071895425,0.248244875884617,0.4944186603511423,0.48366013071895425,0.0,0.0,0.0,200000,968,24.702734892998706,46,6,,"{""f2"": 0.25, ""f3"": 0.5}",d5e0d94,4f2ed91efe473b5ed00acd4acf397389b0b121ffe7cdcfe7eb7059cb267d4991
epsilon_restricted_e02_seed2023,final,epsilon_restricted,e02,2023,True,True,62440000.0,3.394214091286707,3.94340553820095,0.4477124183006536,0.24757971798986222,0.49301719086975143,0.4477124183006536,0.0,0.0,0.0,200000,1003,24.07158585799334,41,2,,"{""f2"": 0.25, ""f3"": 0.5}",d5e0d94,0ea3667fb20c0acbaa51c963cdef156b44ea99edd2333f9f32014ea610ca3cd8
epsilon_restricted_e02_seed2024,final,epsilon_restricted,e02,2024,True,True,62500000.0,3.394700571177011,3.969339447716529,0.45751633986928103,0.24769766147895977,0.49808562961801284,0.45751633986928103,0.0,0.0,0.0,200000,4266,26.52953241499199,43,9,,"{""f2"": 0.25, ""f3"": 0.5}",d5e0d94,4233a4d7d3a280eec5d6a1ca83a4900702aafa7329b97b3427bae5e3a9204880
epsilon_restricted_e02_seed2025,final,epsilon_restricted,e02,2025,True,True,62620000.0,3.373726672345379,3.942443783670467,0.477124183006536,0.2426126932048624,0.4928292286990002,0.477124183006536,0.0,0.0,0.0,200000,1087,30.625967562998994,44,9,,"{""f2"": 0.25, ""f3"": 0.5}",d5e0d94,a9f0f5d5b52273d2619045cd6a614307f512d508fa3594272b090db515cfb027
epsilon_restricted_e03_seed2021,final,epsilon_restricted,e03,2021,True,True,62380000.0,3.388402630085591,4.0468430016818004,0.43790849673202614,0.24617077175287289,0.5132326715944482,0.43790849673202614,0.0,0.0,0.0,200000,675,25.985280258988496,45,5,,"{""f2"": 0.25, ""f3"": 0.75}",d5e0d94,609beee26539f136f23728f0419b85221daf37bd94d7b9ed898245bdd21ce3cf
epsilon_restricted_e03_seed2022,final,epsilon_restricted,e03,2022,True,True,62320000.0,3.3725391096147224,4.475635182938876,0.42810457516339867,0.24232477731200122,0.5970344179192489,0.42810457516339867,0.0,0.0,0.0,200000,3288,24.516304541990394,46,9,,"{""f2"": 0.25, ""f3"": 0.75}",d5e0d94,dadf0a7710151b65b3d8e6c9f8da9f1f11c2d7e437f33d306054597595eb0cad
epsilon_restricted_e03_seed2023,final,epsilon_restricted,e03,2023,True,True,62260000.0,3.4015192673352703,4.7865830170939265,0.41830065359477125,0.24935080445985214,0.657805049141382,0.41830065359477125,0.0,0.0,0.0,200000,616,24.40194343100302,44,9,,"{""f2"": 0.25, ""f3"": 0.75}",d5e0d94,7a9887d0511e5eb48a12cf911ac2f28f98cc15b5850fcec23a5101ab86d37907
epsilon_restricted_e03_seed2024,final,epsilon_restricted,e03,2024,True,True,62400000.0,3.3983592773200577,4.370438321616189,0.4411764705882353,0.24858468800707384,0.5764750862148218,0.4411764705882353,0.0,0.0,0.0,200000,947,25.656668077004724,48,3,,"{""f2"": 0.25, ""f3"": 0.75}",d5e0d94,f9c16c9b794fe4f8a8c95ac1bc016c6240a06092fad8957ba8d93ac4e5edd6de
epsilon_restricted_e03_seed2025,final,epsilon_restricted,e03,2025,True,True,62600000.0,3.402720676240576,3.9356694235659604,0.4738562091503268,0.24964207725642365,0.4915052698401273,0.4738562091503268,0.0,0.0,0.0,200000,1087,24.86968101799721,46,9,,"{""f2"": 0.25, ""f3"": 0.75}",d5e0d94,efe7b4b407ff8608d1045ec2e56a135851797cf645e58cc3000ba798efb3071c
epsilon_restricted_e04_seed2021,final,epsilon_restricted,e04,2021,True,True,62360000.0,3.403381952029805,4.082792233362672,0.434640522875817,0.24980239873197058,0.5202584722633408,0.434640522875817,0.0,0.0,0.0,200000,873,25.881725728992024,43,4,,"{""f2"": 0.25, ""f3"": 1.0}",d5e0d94,24a12798674aa05e0928fe5d790f8394a3af6f071dc024fa82d94c8ef36c16b4
epsilon_restricted_e04_seed2022,final,epsilon_restricted,e04,2022,True,True,62360000.0,3.393008248490073,4.04480782099763,0.434640522875817,0.24728737022878763,0.5128349225148825,0.434640522875817,0.0,0.0,0.0,200000,1141,27.492517035992933,46,7,,"{""f2"": 0.25, ""f3"": 1.0}",d5e0d94,12f2f46c52b86d982aebff6e6b759764208b20ecbc3f27de4cae410ee0fa13c7
epsilon_restricted_e04_seed2023,final,epsilon_restricted,e04,2023,True,True,62260000.0,3.4015192673352703,4.7865830170939265,0.41830065359477125,0.24935080445985214,0.657805049141382,0.41830065359477125,0.0,0.0,0.0,200000,616,26.044174071997986,44,9,,"{""f2"": 0.25, ""f3"": 1.0}",d5e0d94,b41294c77085875c56b8792d77f1eba530e12c29d82574c839e6e36d38c6688f
epsilon_restricted_e04_seed2024,final,epsilon_restricted,e04,2024,True,True,62180000.0,3.4033202052816063,4.214729757490462,0.40522875816993464,0.24978742868476378,0.5460439119494496,0.40522875816993464,0.0,0.0,0.0,200000,978,36.31574564300536,43,7,,"{""f2"": 0.25, ""f3"": 1.0}",d5e0d94,c3716638c74f4ee1a06121beceed98c28f70b8915b3673f9313f15754287ffca
epsilon_restricted_e04_seed2025,final,epsilon_restricted,e04,2025,True,True,62600000.0,3.402720676240576,3.9356694235659604,0.4738562091503268,0.24964207725642365,0.4915052698401273,0.4738562091503268,0.0,0.0,0.0,200000,1087,33.7108916540019,46,9,,"{""f2"": 0.25, ""f3"": 1.0}",d5e0d94,f121e8e2e30fadb6a476472da0506d59600dbb7ab4fd46c38c084f3def603580
epsilon_restricted_e05_seed2021,final,epsilon_restricted,e05,2021,True,True,63220000.0,4.410517355888977,2.6809330546512116,0.5751633986928104,0.4939750066698184,0.24628368351354515,0.5751633986928104,0.0,0.0,0.0,200000,913,30.343521073999,48,3,,"{""f2"": 0.5, ""f3"": 0.25}",d5e0d94,b2a711eae753e444c1ad3b0d4a5531365f057c8415e9ff71ac2199cc485777fb
epsilon_restricted_e05_seed2022,final,epsilon_restricted,e05,2022,True,True,63280000.0,4.429583773347742,2.693623949452872,0.5849673202614379,0.4985975200449806,0.24876395062962361,0.5849673202614379,0.0,0.0,0.0,200000,557,26.289086610995582,49,7,,"{""f2"": 0.5, ""f3"": 0.25}",d5e0d94,8ed3750086a59b379a0ca856cb27c1df05d80a293d7dbc760c9c149eaea901ca
epsilon_restricted_e05_seed2023,final,epsilon_restricted,e05,2023,True,True,63300000.0,4.377737823431463,2.689559703581435,0.5882352941176471,0.4860278489227418,0.24796964766327453,0.5882352941176471,0.0,0.0,0.0,200000,912,26.35319346599863,49,5,,"{""f2"": 0.5, ""f3"": 0.25}",d5e0d94,f447a80baf52d172a645e0e1a8d9d9fa46bd2084d6cf131630bab9181aa3b397
epsilon_restricted_e05_seed2024,final,epsilon_restricted,e05,2024,True,True,63200000.0,4.406909258835244,2.6698421105818637,0.5718954248366013,0.4931002499450253,0.2441161055538043,0.5718954248366013,0.0,0.0,0.0,200000,796,28.293872177993762,48,5,,"{""f2"": 0.5, ""f3"": 0.25}",d5e0d94,480f55ddaff8ecb1c8ead05a3c522c088d1e546b3630304edf718fb766169e30
epsilon_restricted_e05_seed2025,final,epsilon_restricted,e05,2025,True,True,63280000.0,4.423441000613653,2.694450396831235,0.5849673202614379,0.4971082497515276,0.24892546881157682,0.5849673202614379,0.0,0.0,0.0,200000,714,28.9595149000088,50,6,,"{""f2"": 0.5, ""f3"": 0.25}",d5e0d94,483acf76e71b405ca6c8a5c480e912ed72eda9a11900dc85df40e2a96643647c
epsilon_restricted_e06_seed2021,final,epsilon_restricted,e06,2021,True,True,62060000.0,4.416844132404684,3.969334697251309,0.38562091503267976,0.4955088873334913,0.4980847012025737,0.38562091503267976,0.0,0.0,0.0,200000,707,29.459790060005616,47,5,,"{""f2"": 0.5, ""f3"": 0.5}",d5e0d94,98d622f5aadeeb6f80d38b5df81e7cbd25225b7c5be2b98010b6debd934457ea
epsilon_restricted_e06_seed2022,final,epsilon_restricted,e06,2022,True,True,62300000.0,4.339618631128329,3.978539299337773,0.42483660130718953,0.4767861297244341,0.4998836186334121,0.42483660130718953,0.0,0.0,0.0,200000,511,25.726397450998775,47,2,,"{""f2"": 0.5, ""f3"": 0.5}",d5e0d94,c58b522db8a70300a4b382f43f8deeed9f1b10a9828c6044b7420d13f78be7cc
epsilon_restricted_e06_seed2023,final,epsilon_restricted,e06,2023,True,True,62080000.0,4.397203871446282,3.9471788639662675,0.3888888888888889,0.4907472498015202,0.49375463735876846,0.3888888888888889,0.0,0.0,0.0,200000,342,25.860954738993314,46,4,,"{""f2"": 0.5, ""f3"": 0.5}",d5e0d94,a9ace6b2ba2da056524628af91ce410f0f8d59ae2bf30e6a4b11ba04070c2862
epsilon_restricted_e06_seed2024,final,epsilon_restricted,e06,2024,True,True,62080000.0,4.399651289229901,3.9537647834062613,0.3888888888888889,0.4913406083317135,0.49504176798836136,0.3888888888888889,0.0,0.0,0.0,200000,329,25.394003526991582,48,8,,"{""f2"": 0.5, ""f3"": 0.5}",d5e0d94,9499b08afd47a6a2face32218d5982d6809204c3ce167baaa9b508c3f61f38ac
epsilon_restricted_e06_seed2025,final,epsilon_restricted,e06,2025,True,True,62000000.0,4.400357870737956,3.957073188113613,0.3758169934640523,0.4915119138472196,0.49568835182114596,0.3758169934640523,0.0,0.0,0.0,200000,487,25.3641799469915,48,7,,"{""f2"": 0.5, ""f3"": 0.5}",d5e0d94,4d931697aa018ea7754334a992078aa730c52d0f02bfe62a3667cfa768a4ebc6
epsilon_restricted_e07_seed2021,final,epsilon_restricted,e07,2021,True,True,61300000.0,4.430202560871096,5.075120922090143,0.26143790849673204,0.4987475405514166,0.714195956850321,0.26143790849673204,0.0,0.0,0.0,200000,346,28.62418159599474,50,7,,"{""f2"": 0.5, ""f3"": 0.75}",d5e0d94,4b04c50f1d81b316b48035ba5ccf9c3c969cdc034afc1e7917777822429e9f60
epsilon_restricted_e07_seed2022,final,epsilon_restricted,e07,2022,True,True,61220000.0,4.420403222095039,5.062115955250942,0.24836601307189543,0.49637176258169396,0.7116543085188936,0.24836601307189543,0.0,0.0,0.0,200000,602,29.825111760001164,47,7,,"{""f2"": 0.5, ""f3"": 0.75}",d5e0d94,cd4fd80473f11dcc1d641acec5ff0821e522a130769fd42b8dca19d7d767e7cd
epsilon_restricted_e07_seed2023,final,epsilon_restricted,e07,2023,True,True,61460000.0,4.393084676114156,4.741005919626863,0.2875816993464052,0.48974858103960717,0.648897609763737,0.2875816993464052,0.0,0.0,0.0,200000,397,26.478413549994002,44,5,,"{""f2"": 0.5, ""f3"": 0.75}",d5e0d94,0d8106dab77e432ca3fd21da94840efdf252287436ca57a7fd7f48e0c000c292
epsilon_restricted_e07_seed2024,final,epsilon_restricted,e07,2024,True,True,61340000.0,4.417331774795018,4.8537468990884385,0.2679738562091503,0.4956271126622135,0.6709313393283723,0.2679738562091503,0.0,0.0,0.0,200000,628,25.763947269006167,46,7,,"{""f2"": 0.5, ""f3"": 0.75}",d5e0d94,0ec624db5326c2c6a2cca4138edbb575bcb3740b140fa14d6c4b3f58421a9b63
epsilon_restricted_e07_seed2025,final,epsilon_restricted,e07,2025,True,True,61320000.0,4.427982526850897,5.131486959527906,0.2647058823529412,0.49820930955055465,0.7252119514910015,0.2647058823529412,0.0,0.0,0.0,200000,487,25.57550251999055,48,11,,"{""f2"": 0.5, ""f3"": 0.75}",d5e0d94,7cacfc38559800ca53df79d90515e1717a75f34985d86067f8139fbcf9057ea8
epsilon_restricted_e08_seed2021,final,epsilon_restricted,e08,2021,True,True,61460000.0,4.4181419813720595,4.8653816331853434,0.2875816993464052,0.4958235413173144,0.6732051938387017,0.2875816993464052,0.0,0.0,0.0,200000,509,26.45607614600158,48,9,,"{""f2"": 0.5, ""f3"": 1.0}",d5e0d94,aee37ae974c827ec1014ebed7c1a24f38a866b31ea9acaea272a311623b07ca9
epsilon_restricted_e08_seed2022,final,epsilon_restricted,e08,2022,True,True,61480000.0,4.433550074232814,5.075254263528848,0.2908496732026144,0.4995591206671642,0.7142220166664962,0.2908496732026144,0.0,0.0,0.0,200000,341,26.27783267099585,47,9,,"{""f2"": 0.5, ""f3"": 1.0}",d5e0d94,27d6372c092d77f22dcc2070879fcb7005a17c4153af00e47051ff27b09732c3
epsilon_restricted_e08_seed2023,final,epsilon_restricted,e08,2023,True,True,61460000.0,4.393084676114156,4.741005919626863,0.2875816993464052,0.48974858103960717,0.648897609763737,0.2875816993464052,0.0,0.0,0.0,200000,397,27.06274159300665,44,5,,"{""f2"": 0.5, ""f3"": 1.0}",d5e0d94,1d344cb79c6919a3bb5172488d149b95e00e085c3d86963405729f8cc879ea26
epsilon_restricted_e08_seed2024,final,epsilon_restricted,e08,2024,True,True,61340000.0,4.42674127391344,5.081378507750884,0.2679738562091503,0.4979083768599869,0.7154189189962487,0.2679738562091503,0.0,0.0,0.0,200000,390,25.76680097699864,46,5,,"{""f2"": 0.5, ""f3"": 1.0}",d5e0d94,03dfaea5c6d11f2dbdfb1df1c7b329005d0afb61098cb3bfe35e2e324fdcbba3
epsilon_restricted_e08_seed2025,final,epsilon_restricted,e08,2025,True,True,61320000.0,4.430317918158768,4.91135536416592,0.2647058823529412,0.4987755080815696,0.6821901499774636,0.2647058823529412,0.0,0.0,0.0,200000,487,25.42132648099505,50,11,,"{""f2"": 0.5, ""f3"": 1.0}",d5e0d94,8ca3e20060aa9310adcb52e7c901c7c2c0b26085aae876be7f4db0776ce4d85a
epsilon_restricted_e09_seed2021,final,epsilon_restricted,e09,2021,True,True,62880000.0,5.463073719004781,2.6762647548946252,0.5196078431372549,0.7491595937658144,0.24537132622470031,0.5196078431372549,0.0,0.0,0.0,200000,591,25.557008359988686,44,4,,"{""f2"": 0.75, ""f3"": 0.25}",d5e0d94,25eacca653b4fbcd393fe0a2dfa9688b8d719f5588c1ab26489d0b06435c3d6e
epsilon_restricted_e09_seed2022,final,epsilon_restricted,e09,2022,True,True,62840000.0,5.454242253749306,2.696570989634555,0.5130718954248366,0.7470184696477675,0.24933991055732188,0.5130718954248366,0.0,0.0,0.0,200000,445,25.449080753998714,44,3,,"{""f2"": 0.75, ""f3"": 0.25}",d5e0d94,9853efedfa8b5d7b9596a19223449ebc35170b45cb3ae20439424f1028e238fb
epsilon_restricted_e09_seed2023,final,epsilon_restricted,e09,2023,True,True,62940000.0,5.401980191671093,2.6989803023162695,0.5294117647058824,0.7343479151771879,0.24981077877506372,0.5294117647058824,0.0,0.0,0.0,200000,669,24.966490084989346,48,5,,"{""f2"": 0.75, ""f3"": 0.25}",d5e0d94,7117679dfc3860741c9dd5d9fd9e65d608c3740b486ab382fcbb5e2475e4c059
epsilon_restricted_e09_seed2024,final,epsilon_restricted,e09,2024,True,True,62920000.0,5.430466204270336,2.6931978449304674,0.5261437908496732,0.741254140456783,0.24868067415058495,0.5261437908496732,0.0,0.0,0.0,200000,634,26.027564232994337,46,6,,"{""f2"": 0.75, ""f3"": 0.25}",d5e0d94,a8d8e7d462c2c17c3cee40bd56958ebed4641e958de98e577699fa495a8267ca
epsilon_restricted_e09_seed2025,final,epsilon_restricted,e09,2025,True,True,62920000.0,5.412448952110498,2.6912595248948823,0.5261437908496732,0.7368859895300219,0.24830185520047682,0.5261437908496732,0.0,0.0,0.0,200000,786,33.64471422499628,43,9,,"{""f2"": 0.75, ""f3"": 0.25}",d5e0d94,76ac7eb79b2a6a981e3ff4d6d651947564a173b0dcc35144e87512f3fd59564b
epsilon_restricted_e10_seed2021,final,epsilon_restricted,e10,2021,True,True,61740000.0,5.43015461112475,3.8993156572354217,0.3333333333333333,0.7411785969790324,0.48440040823782027,0.3333333333333333,0.0,0.0,0.0,200000,426,32.98047676800343,43,4,,"{""f2"": 0.75, ""f3"": 0.5}",d5e0d94,17e9459d5a4da082defae12f490c31140d7f5494c5e184359f887716a0e840ad
epsilon_restricted_e10_seed2022,final,epsilon_restricted,e10,2022,True,True,61760000.0,5.399186649248753,3.961778320566209,0.3366013071895425,0.7336706412614521,0.4966079075720486,0.3366013071895425,0.0,0.0,0.0,200000,445,44.18291944799421,46,5,,"{""f2"": 0.75, ""f3"": 0.5}",d5e0d94,23f6aea149150399e3230f2df2dd9112935773b8177ab7f3b97d77e7310b2e72
epsilon_restricted_e10_seed2023,final,epsilon_restricted,e10,2023,True,True,61700000.0,5.460901662467159,3.973198900840672,0.32679738562091504,0.7486329945544797,0.49883990855732024,0.32679738562091504,0.0,0.0,0.0,200000,491,39.54115034500137,46,4,,"{""f2"": 0.75, ""f3"": 0.5}",d5e0d94,b850211f9d92482c4e517f8685fdba8136c27fd35661ab78df3882806be57dc5
epsilon_restricted_e10_seed2024,final,epsilon_restricted,e10,2024,True,True,61700000.0,5.4289331910550995,3.941906887478404,0.32679738562091504,0.7408824726221174,0.49272429945715135,0.32679738562091504,0.0,0.0,0.0,200000,636,38.323770693008555,46,6,,"{""f2"": 0.75, ""f3"": 0.5}",d5e0d94,fe44214b9cd07cad43b47786702324448f15322277fa2a7879c6d2d48168b2cb
epsilon_restricted_e10_seed2025,final,epsilon_restricted,e10,2025,True,True,61520000.0,5.409840355558021,3.9724311690229506,0.2973856209150327,0.7362535543869068,0.49868986555316486,0.2973856209150327,0.0,0.0,0.0,200000,323,34.9201590300072,45,4,,"{""f2"": 0.75, ""f3"": 0.5}",d5e0d94,9bd6d72403ea1d78513df1c92c68be6c77a6dcc94e4bbb878a34b6ad90b8e3fc
epsilon_restricted_e11_seed2021,final,epsilon_restricted,e11,2021,True,True,61160000.0,5.433112147483856,4.700807670269801,0.238562091503268,0.7418956300245462,0.6410413949292086,0.238562091503268,0.0,0.0,0.0,200000,263,29.897221842009458,42,3,,"{""f2"": 0.75, ""f3"": 0.75}",d5e0d94,0b0c65748ea03f5006f8fa5aa91a75d5711d092c5a9113ee00c90f7e2b2a8eb4
epsilon_restricted_e11_seed2022,final,epsilon_restricted,e11,2022,True,True,60680000.0,5.452086805058221,5.23025582016073,0.16013071895424835,0.7464958968872811,0.7445150156916502,0.16013071895424835,0.0,0.0,0.0,200000,363,27.680290671996772,47,8,,"{""f2"": 0.75, ""f3"": 0.75}",d5e0d94,07f2fb2f875aaee55d8a692faeb9713cf8140872b084de286e73bcc38d2d554f
epsilon_restricted_e11_seed2023,final,epsilon_restricted,e11,2023,True,True,60960000.0,5.463701409004342,5.221834737339034,0.20588235294117646,0.7493117726124542,0.7428692267121613,0.20588235294117646,0.0,0.0,0.0,200000,270,33.94187305100786,45,5,,"{""f2"": 0.75, ""f3"": 0.75}",d5e0d94,70f245272b14d389c3af0582dd10b6439893eac22980a81cc4949e11729fa4d5
epsilon_restricted_e11_seed2024,final,epsilon_restricted,e11,2024,True,True,60700000.0,5.4131013254275775,5.1797680419539365,0.16339869281045752,0.7370441526663489,0.7346478488758171,0.16339869281045752,0.0,0.0,0.0,200000,571,27.532873346004635,45,8,,"{""f2"": 0.75, ""f3"": 0.75}",d5e0d94,10ac788430566259fec54e94e5ddbf91425fb9b2adc25f62916591e8ef17d127
epsilon_restricted_e11_seed2025,final,epsilon_restricted,e11,2025,True,True,60680000.0,5.411943102582005,5.1402400394290275,0.16013071895424835,0.7367633500139021,0.7269226248976015,0.16013071895424835,0.0,0.0,0.0,200000,323,32.59865791800257,46,8,,"{""f2"": 0.75, ""f3"": 0.75}",d5e0d94,1b9ca6405c8241c062156121dc9b96ea49b055729d260ee1a50726d34e029042
epsilon_restricted_e12_seed2021,final,epsilon_restricted,e12,2021,True,True,60900000.0,5.435507392460962,5.470955866209586,0.19607843137254902,0.7424763396396277,0.7915566481678283,0.19607843137254902,0.0,0.0,0.0,200000,373,29.343466095990152,44,7,,"{""f2"": 0.75, ""f3"": 1.0}",d5e0d94,92bad993006b13c5a6928ede7549a5c99c8f39eb8041b91614c83ed55599c262
epsilon_restricted_e12_seed2022,final,epsilon_restricted,e12,2022,True,True,60620000.0,5.457729924907923,5.486578687881665,0.1503267973856209,0.7478640299956275,0.7946099215153108,0.1503267973856209,0.0,0.0,0.0,200000,479,30.485686421001446,43,9,,"{""f2"": 0.75, ""f3"": 1.0}",d5e0d94,20bea7209cbd59472f2d757af3012b6ebff5eac267957d739e69abed2a8f37a9
epsilon_restricted_e12_seed2023,final,epsilon_restricted,e12,2023,True,True,60500000.0,5.440876713460031,5.774735035799039,0.13071895424836602,0.743778092220437,0.8509262589523857,0.13071895424836602,0.0,0.0,0.0,200000,270,27.587184147996595,43,7,,"{""f2"": 0.75, ""f3"": 1.0}",d5e0d94,cf719b44e59b399d38efe0fa39aa8121242fefd3cfd483872b459ab7a81a1244
epsilon_restricted_e12_seed2024,final,epsilon_restricted,e12,2024,True,True,60360000.0,5.437591727635353,5.852023995468786,0.10784313725490197,0.7429816714484366,0.8660313613191398,0.10784313725490197,0.0,0.0,0.0,200000,303,37.13642633499694,47,10,,"{""f2"": 0.75, ""f3"": 1.0}",d5e0d94,2b3b3e14d7178a1cab9f48991e4fdc1fe7d0f9a2ac7cb433e2be5ac69eeeb326
epsilon_restricted_e12_seed2025,final,epsilon_restricted,e12,2025,True,True,60680000.0,5.411943102582005,5.1402400394290275,0.16013071895424835,0.7367633500139021,0.7269226248976015,0.16013071895424835,0.0,0.0,0.0,200000,323,26.797039077006048,46,8,,"{""f2"": 0.75, ""f3"": 1.0}",d5e0d94,6283d731063f64cb960cd1fdd37fe07f4a0ba1763872de2d15dbcf8783e5adee
epsilon_restricted_e13_seed2021,final,epsilon_restricted,e13,2021,True,True,62520000.0,6.431221437489103,2.6992511840039413,0.46078431372549017,0.9838799227161898,0.2498637190092064,0.46078431372549017,0.0,0.0,0.0,200000,691,25.560289611006738,44,6,,"{""f2"": 1.0, ""f3"": 0.25}",d5e0d94,dc621022949adffcd4489765ff2e0ae36d2c05a32ca0a181d6ba143d6aadcf68
epsilon_restricted_e13_seed2022,final,epsilon_restricted,e13,2022,True,True,62580000.0,6.398878954454045,2.6822531913200307,0.47058823529411764,0.9760387244030385,0.24654168672132315,0.47058823529411764,0.0,0.0,0.0,200000,381,28.542791254993062,41,6,,"{""f2"": 1.0, ""f3"": 0.25}",d5e0d94,78bd77525599736098b63e36129153106cf08c266b96e75ac6b6d10413464c37
epsilon_restricted_e13_seed2023,final,epsilon_restricted,e13,2023,True,True,62620000.0,6.046659729607158,2.699675004963907,0.477124183006536,0.8906457510578801,0.24994654919624495,0.477124183006536,0.0,0.0,0.0,200000,1242,31.852647691004677,43,6,,"{""f2"": 1.0, ""f3"": 0.25}",d5e0d94,88594b938748e5590a49d2807e0dcc59308b8b0811190c8264993e5aa582087e
epsilon_restricted_e13_seed2024,final,epsilon_restricted,e13,2024,True,True,62480000.0,6.478378052701561,2.686162263713518,0.4542483660130719,0.9953126989584175,0.2473056630889051,0.4542483660130719,0.0,0.0,0.0,200000,412,25.970013475001906,42,5,,"{""f2"": 1.0, ""f3"": 0.25}",d5e0d94,52be83436a66858cdfc9d4736b3fd655c40e9bee4f168a9a905e9060c08baf4b
epsilon_restricted_e13_seed2025,final,epsilon_restricted,e13,2025,True,True,62420000.0,6.493968945539957,2.6967505282225916,0.4444444444444444,0.9990925968250236,0.2493749989937902,0.4444444444444444,0.0,0.0,0.0,200000,317,25.498360409997986,41,6,,"{""f2"": 1.0, ""f3"": 0.25}",d5e0d94,3c3cd36c235d05710605588ef5d4122a3fdc0f93791a6a47e3a80d053581e9dd
epsilon_restricted_e14_seed2021,final,epsilon_restricted,e14,2021,True,True,61300000.0,6.4818562755903235,3.970432698203631,0.26143790849673204,0.9961559686423984,0.4982992909299356,0.26143790849673204,0.0,0.0,0.0,200000,536,26.3194661919988,44,8,,"{""f2"": 1.0, ""f3"": 0.5}",d5e0d94,aff175b734a6a5704e5213a9094ffafe0d7f5e45cd9288619fb794929d15eb66
epsilon_restricted_e14_seed2022,final,epsilon_restricted,e14,2022,True,True,61380000.0,6.4378845150454564,3.977394723623732,0.27450980392156865,0.9854953371059461,0.4996599264864229,0.27450980392156865,0.0,0.0,0.0,200000,619,26.49407476199849,45,6,,"{""f2"": 1.0, ""f3"": 0.5}",d5e0d94,0b7ebafa3af210ee32534059963afe808f9204ddb7fca712013b9cb4c4e6a95e
epsilon_restricted_e14_seed2023,final,epsilon_restricted,e14,2023,True,True,61240000.0,6.4781469253900745,3.9527164784128517,0.25163398692810457,0.9952566638332548,0.4948368906772332,0.25163398692810457,0.0,0.0,0.0,200000,602,26.39798854100809,46,8,,"{""f2"": 1.0, ""f3"": 0.5}",d5e0d94,351d7a46128d08f99a734a145fee665b8065d7e45d99741826e34cbcca151447
epsilon_restricted_e14_seed2024,final,epsilon_restricted,e14,2024,True,True,61240000.0,6.457020353267004,3.941830411145635,0.25163398692810457,0.9901346810369885,0.4927093531719374,0.25163398692810457,0.0,0.0,0.0,200000,644,25.92634114800603,42,8,,"{""f2"": 1.0, ""f3"": 0.5}",d5e0d94,122b4c1d96fc7dfbcef92e24ab5be4c09ebb898c328130d3531fdf6daa3a043c
epsilon_restricted_e14_seed2025,final,epsilon_restricted,e14,2025,True,True,61280000.0,6.488021721058185,3.942600484372446,0.2581699346405229,0.9976507357742241,0.4928598537734538,0.2581699346405229,0.0,0.0,0.0,200000,357,26.675887414996396,44,6,,"{""f2"": 1.0, ""f3"": 0.5}",d5e0d94,f0e651a50e632636ff5dc326548073ffb10d9887cc5cac09f829ea0879904582
epsilon_restricted_e15_seed2021,final,epsilon_restricted,e15,2021,True,True,60440000.0,6.4224546808987375,5.257292921727239,0.12091503267973856,0.981754486740428,0.7497990586986659,0.12091503267973856,0.0,0.0,0.0,200000,263,25.919352790995617,47,7,,"{""f2"": 1.0, ""f3"": 0.75}",d5e0d94,9dc0464caae746fe259a7f85df2370e2acab654eb2bedcb7d00b856e663d28e7
epsilon_restricted_e15_seed2022,final,epsilon_restricted,e15,2022,True,True,60460000.0,6.432792924747249,5.248312351477328,0.12418300653594772,0.9842609183009866,0.7480439253197673,0.12418300653594772,0.0,0.0,0.0,200000,446,25.75238012400223,45,6,,"{""f2"": 1.0, ""f3"": 0.75}",d5e0d94,b5613cf6c89a89b0d4b5d69c66de3f90b47fedfef5789eb172ec37a4629ee44d
epsilon_restricted_e15_seed2023,final,epsilon_restricted,e15,2023,True,True,60460000.0,6.170327934366037,5.224439192415868,0.12418300653594772,0.9206282022350107,0.7433782329235697,0.12418300653594772,0.0,0.0,0.0,200000,412,25.76540098901023,43,7,,"{""f2"": 1.0, ""f3"": 0.75}",d5e0d94,825b2fec6b10cc4a9a85b71b970c89587cb614b3518e57710c40a911c2b021d8
epsilon_restricted_e15_seed2024,final,epsilon_restricted,e15,2024,True,True,60400000.0,6.261621518309405,5.2032951024320555,0.11437908496732026,0.9427616635293194,0.7392459008929398,0.11437908496732026,0.0,0.0,0.0,200000,662,28.824819394998485,43,3,,"{""f2"": 1.0, ""f3"": 0.75}",d5e0d94,bfaac5e1a22d097cdb523fe6c2c34a7f940b8476b20082346e45f0046b0a2a64
epsilon_restricted_e15_seed2025,final,epsilon_restricted,e15,2025,True,True,60400000.0,6.433218065423462,5.241201875519133,0.11437908496732026,0.9843639905465394,0.7466542770739658,0.11437908496732026,0.0,0.0,0.0,200000,357,25.689283136001904,44,11,,"{""f2"": 1.0, ""f3"": 0.75}",d5e0d94,872509dacb2ad6fc3c60f54f373069422efd394006afcc8145af4b5ca1a2c628
epsilon_restricted_e16_seed2021,final,epsilon_restricted,e16,2021,True,True,60260000.0,6.344510170346863,5.634766029431501,0.0915032679738562,0.962857410594596,0.8235711725546826,0.0915032679738562,0.0,0.0,0.0,200000,396,27.09898236799927,47,9,,"{""f2"": 1.0, ""f3"": 1.0}",d5e0d94,b34c3384048b4636a622f1908ff2997285a75214cfa2ce400aafb7990160f148
epsilon_restricted_e16_seed2022,final,epsilon_restricted,e16,2022,True,True,59940000.0,6.440313451446837,6.1604054452787596,0.0392156862745098,0.9860842149602722,0.9263004267495936,0.0392156862745098,0.0,0.0,0.0,200000,489,26.053641571998014,48,10,,"{""f2"": 1.0, ""f3"": 1.0}",d5e0d94,10ea5ed6539cb815dc5a60c4dcad97478a0dcaa44581c2b147874737f08faa5b
epsilon_restricted_e16_seed2023,final,epsilon_restricted,e16,2023,True,True,59860000.0,6.482723691620233,6.417074749369569,0.026143790849673203,0.9963662673106597,0.9764630389682282,0.026143790849673203,0.0,0.0,0.0,200000,412,27.725196508006775,46,11,,"{""f2"": 1.0, ""f3"": 1.0}",d5e0d94,43fe0d4e2f102f1685c65dcfd9f03c80623cce672d1dbee5207551e1c571a24c
epsilon_restricted_e16_seed2024,final,epsilon_restricted,e16,2024,True,True,59860000.0,6.46667123757112,6.098441306115954,0.026143790849673203,0.9924744673064544,0.9141903573538951,0.026143790849673203,0.0,0.0,0.0,200000,400,26.225536969999666,41,8,,"{""f2"": 1.0, ""f3"": 1.0}",d5e0d94,5d94d6b533e383d1ab7fe96dedc3c3c3559f972fd438152b22549d1ccc47b736
epsilon_restricted_e16_seed2025,final,epsilon_restricted,e16,2025,True,True,60340000.0,6.43363084960664,5.253019436898963,0.10457516339869281,0.9844640670507868,0.7489638627525734,0.10457516339869281,0.0,0.0,0.0,200000,357,27.769715438989806,42,8,,"{""f2"": 1.0, ""f3"": 1.0}",d5e0d94,28b28629c791640ac916ca1055810efb6da75a1035b14abbbb1e422f88248996
